,lat,lng,Category
1,52.3605759,4.9159683,3
2,51.4918878,-0.1949706,1
3,51.5137335,-0.1087512,1
4,51.5142184,-0.1809032,1
5,48.8743481,2.2897334,3
6,48.88657,2.3588332,3
7,51.5226217,-0.1251602,1
8,51.5014001,-0.1160092,1
9,51.5117832,-0.1194172,1
10,48.874707,2.2936761,3
11,48.8487675,2.3410376,3
12,51.5038632,-0.1504132,1
13,48.9015941,2.3597783,3
14,51.5109945,-0.1863417,1
15,51.5020425,-0.1866541,1
16,51.5263854,-0.1136042,1
17,48.8483053,2.3425596,3
18,48.8668564,2.3286339,3
19,48.8315204,2.3870797,3
20,48.8610265,2.3788974,3
21,48.8732543,2.343239,3
22,48.8598229,2.347111,3
23,48.8704175,2.3296832,3
24,51.4919588,-0.2200956,1
25,51.5084595,-0.1311382,1
26,51.5024348,-0.0002497,1
27,48.8619373,2.3040298,3
28,48.8524215,2.3743832,3
29,48.8756435,2.2938788,3
30,48.8637135,2.2934759,3
31,48.8460269,2.2788281,3
32,51.4980052,-0.1643238,1
33,51.5167472,-0.135965,1
34,51.4916378,-0.1832833,1
35,48.8780363,2.2864907,3
36,51.5147387,-0.1341108,1
37,51.5127625,-0.0997157,1
38,51.4943077,-0.1755579,1
39,51.5145986,-0.1270336,1
40,51.4990259,-0.1427453,1
41,51.5106538,-0.0773676,1
42,48.8673199,2.3656296,3
43,48.8656973,2.2829776,3
44,48.8735418,2.302442,3
45,48.8555319,2.3621212,3
46,48.88366,2.3313845,3
47,48.8789432,2.3448623,3
48,48.8491427,2.3397118,3
49,48.8734851,2.3485111,3
50,48.8376887,2.3063102,3
51,48.8699103,2.2973386,3
52,48.8766269,2.3432886,3
53,48.8661705,2.331561,3
54,48.8729676,2.3081178,3
55,51.510843,-0.1314287,1
56,51.4611219,-0.2756216,1
57,51.5286766,-0.1283489,1
58,51.495179,-0.183827,1
59,51.4925138,-0.1787917,1
60,51.5254162,-0.0772849,1
61,51.4891226,-0.1205639,1
62,51.4956657,-0.1452793,1
63,51.5014191,-0.1625805,1
64,48.8848583,2.2997023,3
65,48.8688962,2.2827459,3
66,48.8494851,2.2955063,3
67,51.5108439,-0.1839074,1
68,51.5209191,-0.1566567,1
69,48.8756604,2.3252075,3
70,51.4925478,-0.1780611,1
71,51.5426054,-0.0072708,1
72,51.5426351,-0.0073272,1
73,51.5054544,-0.2262216,1
74,51.5188555,-0.1319172,1
75,48.8468064,2.3714789,3
76,48.8427564,2.3305636,3
77,48.8708508,2.3515882,3
78,51.4936161,-0.1592347,1
79,51.502485,-0.1539265,1
80,48.8728324,2.3193886,3
81,48.871723,2.3235377,3
82,48.8732706,2.3450746,3
83,48.8761376,2.3572681,3
84,48.8581186,2.3529369,3
85,48.8725794,2.3075779,3
86,51.4959227,-0.1702917,1
87,48.8405612,2.2991035,3
88,48.8550466,2.304583,3
89,51.4945522,-0.1861213,1
90,51.4990953,-0.1132136,1
91,48.8687425,2.3541761,3
92,51.4948465,-0.1187481,1
93,51.504716,-0.1475618,1
94,51.4945144,-0.1866172,1
95,51.5090985,-0.0157302,1
96,48.8663359,2.2867935,3
97,48.870961,2.3267678,3
98,48.8865626,2.3329648,3
99,48.8724588,2.3378004,3
100,48.8715828,2.3224853,3
101,51.5208575,-0.0779503,1
102,51.5119933,-0.1782794,1
103,51.5166755,-0.0697897,1
104,48.8489839,2.348383,3
105,48.8684165,2.336869,3
106,48.8685093,2.3067895,3
107,48.881407,2.3274204,3
108,48.8713699,2.3181191,3
109,48.8665788,2.3084447,3
110,48.8663444,2.2881979,3
111,48.8644627,2.3318473,3
112,51.5266618,-0.1296571,1
113,48.8675886,2.3531018,3
114,48.8730823,2.309659,3
115,51.5220869,-0.1082443,1
116,48.8848292,2.3035189,3
117,51.5421476,-0.1703073,1
118,51.51046,-0.1875844,1
119,51.520378,-0.1303414,1
120,48.8639318,2.3658744,3
121,48.8693409,2.3310263,3
122,48.8562272,2.3351758,3
123,48.8178079,2.3293636,3
124,48.8738557,2.3444232,3
125,48.8490691,2.3697484,3
126,48.8513515,2.3375084,3
127,51.5210085,-0.1230966,1
128,51.5122457,-0.0757326,1
129,51.5241386,-0.1380807,1
130,48.8753446,2.3167161,3
131,51.5163841,-0.1635764,1
132,51.517839,-0.1424476,1
133,51.5132069,-0.1807816,1
134,51.5109079,-0.1238221,1
135,48.8751845,2.3013214,3
136,48.8493499,2.3430569,3
137,48.8668589,2.3028215,3
138,48.8686931,2.325211,3
139,48.8560685,2.3236846,3
140,48.8438352,2.3280708,3
141,51.4938733,-0.1824963,1
142,51.5131428,-0.1576714,1
143,48.861711,2.340674,3
144,51.5128032,-0.07586,1
145,51.4903724,-0.1459218,1
146,48.875551,2.2835191,3
147,48.8531641,2.3344097,3
148,51.5161139,-0.1749521,1
149,51.515632,-0.175737,1
150,51.4944849,-0.1884174,1
151,51.5012329,-0.1859937,1
152,51.5184158,-0.1348509,1
153,51.4975621,-0.145551,1
154,48.8196885,2.3263505,3
155,51.4943935,-0.1750169,1
156,51.520181,-0.1256957,1
157,48.8679466,2.3289593,3
158,48.8532269,2.3457159,3
159,48.868414,2.3213247,3
160,48.8690596,2.2971078,3
161,48.8797331,2.3206003,3
162,48.8420669,2.3304091,3
163,48.8652582,2.3329632,3
164,48.8516619,2.2979395,3
165,48.8328764,2.3572531,3
166,48.8550236,2.3350786,3
167,51.5147071,-0.1578291,1
168,51.5100362,-0.190657,1
169,51.5069446,-0.1415776,1
170,51.5278465,-0.0889473,1
171,48.8453774,2.3256427,3
172,51.5561548,-0.2141824,1
173,48.853688,2.3322667,3
174,51.4934752,-0.2153256,1
175,48.843707,2.3155631,3
176,51.5171671,-0.1290534,1
177,48.8654874,2.3348924,3
178,48.8542681,2.3078116,3
179,48.8728351,2.3362507,3
180,51.5150534,-0.1739974,1
181,48.8795369,2.3202966,3
182,48.8726335,2.3048084,3
183,48.8705741,2.3264194,3
184,51.4930905,-0.1755022,1
185,51.4946905,-0.1910197,1
186,48.8793427,2.3577745,3
187,51.5019097,-0.0232208,1
188,48.8870573,2.3143297,3
189,48.8864673,2.2948911,3
190,48.8871283,2.314205,3
191,51.5265189,-0.1303689,1
192,51.4968406,-0.1675498,1
193,51.4999683,-0.1599927,1
194,48.8713239,2.2937849,3
195,48.8585193,2.3077243,3
196,48.8315962,2.3399796,3
197,51.5215257,-0.1533039,1
198,48.871309,2.3277079,3
199,48.8720593,2.3236802,3
200,48.8644382,2.3359148,3
201,48.838484,2.3150904,3
202,48.8908018,2.3380204,3
203,48.8535089,2.3425787,3
204,51.5015721,-0.1628511,1
205,51.4778583,-0.0137463,1
206,51.5241452,-0.1609907,1
207,48.8746128,2.3056956,3
208,48.8750848,2.3048372,3
209,51.520943,-0.1004581,1
210,51.4954976,-0.1893691,1
211,51.4913737,-0.1214194,1
212,48.8555664,2.2926243,3
213,51.529257,-0.168358,1
214,48.8663208,2.3450399,3
215,48.8678432,2.3033075,3
216,48.8691686,2.3337818,3
217,48.8803752,2.319591,3
218,48.8709627,2.3154141,3
219,51.4948059,-0.1926525,1
220,51.5032524,-0.078179,1
221,48.8237487,2.324056,3
222,51.5143624,-0.1394483,1
223,51.4907493,-0.1934627,1
224,51.5144381,-0.1558337,1
225,48.8710605,2.2933537,3
226,48.8605125,2.3106533,3
227,51.583236,-0.216868,1
228,51.5122429,-0.1045036,1
229,48.845743,2.34493,3
230,48.8690198,2.2891278,3
231,48.8478399,2.342254,3
232,48.8713421,2.3280723,3
233,48.8592264,2.340996,3
234,48.8382943,2.3210421,3
235,48.8603483,2.3440535,3
236,48.8722588,2.3257608,3
237,48.8717649,2.2983855,3
238,51.5001979,-0.1795357,1
239,51.5172398,-0.1220324,1
240,51.4950098,-0.1906195,1
241,51.5027022,-0.1882164,1
242,51.5244224,-0.0764614,1
243,48.8721062,2.3451384,3
244,51.5203469,-0.1260893,1
245,51.5056956,-0.101525,1
246,51.511521,-0.290706,1
247,48.8448902,2.252833,3
248,48.8475112,2.3022198,3
249,51.49398,-0.143372,1
250,51.498905,-0.1339093,1
251,51.5191009,-0.1592,1
252,48.8637503,2.3320406,3
253,48.8442949,2.3730938,3
254,48.8349272,2.3295913,3
255,48.8722884,2.3090359,3
256,48.8690126,2.3368708,3
257,48.8814056,2.3282568,3
258,48.857898,2.3571978,3
259,48.8327729,2.2787597,3
260,48.8821595,2.3367444,3
261,48.8704371,2.329236,3
262,48.8732231,2.3436097,3
263,48.8453785,2.3753036,3
264,48.8503901,2.3422527,3
265,48.8516148,2.3381293,3
266,48.8708391,2.3303651,3
267,51.507374,-0.129135,1
268,51.5059334,-0.1489418,1
269,51.5458476,-0.0554113,1
270,51.5141842,-0.3192925,1
271,51.5150522,-0.159239,1
272,51.5243286,-0.1846623,1
273,51.5054185,-0.1241499,1
274,51.521759,-0.1425381,1
275,48.8397623,2.3235324,3
276,51.4973203,-0.1562558,1
277,51.5051507,-0.1004724,1
278,51.5139275,-0.1271506,1
279,51.4915712,-0.1963192,1
280,51.5101401,-0.1968951,1
281,48.8389823,2.3455528,3
282,48.8473459,2.2832408,3
284,48.8503074,2.3450612,3
285,48.8548641,2.2923181,3
286,48.8735736,2.335965,3
287,51.5084036,-0.1067988,1
288,51.5116049,-0.1383145,1
289,51.4948507,-0.1945544,1
290,48.8642689,2.3308179,3
291,48.8412131,2.3302954,3
292,48.8393229,2.3892274,3
293,48.8747153,2.2906388,3
294,51.4944875,-0.2070605,1
295,48.8823398,2.3364764,3
296,51.5205441,-0.1308091,1
297,51.5094835,-0.1362538,1
298,48.8794843,2.3556545,3
299,48.8493082,2.2743626,3
300,48.8737702,2.3201063,3
301,48.8655293,2.3360102,3
302,48.8363819,2.2897793,3
303,51.5079153,-0.2730145,1
304,48.8756508,2.3041568,3
305,48.8452789,2.342295,3
306,48.8886969,2.3945403,3
307,48.8757155,2.3038781,3
308,48.8649306,2.3290844,3
309,48.8519215,2.3839993,3
310,51.5218066,-0.0856081,1
311,51.4993927,-0.1329128,1
312,48.8823111,2.3132374,3
313,48.8554268,2.4152555,3
314,51.5072713,-0.0211213,1
315,51.5055513,-0.1501698,1
316,51.5161911,-0.1579487,1
317,48.8692566,2.3339369,3
318,48.8681455,2.3313064,3
319,48.8538752,2.3366123,3
320,48.8518584,2.3447798,3
321,48.8721692,2.3262681,3
322,51.512257,-0.2034244,1
323,48.8658792,2.3298903,3
324,51.519016,-0.166267,1
325,51.5195688,-0.170521,1
326,51.4992791,-0.1973593,1
327,51.5199224,-0.2116636,1
328,48.8653685,2.328218,3
329,48.8606187,2.344401,3
330,51.5124655,-0.182274,1
331,51.525535,-0.1180354,1
333,48.8731996,2.3425446,3
334,48.8717146,2.3261812,3
335,51.5215508,-0.0469238,1
336,48.8396623,2.3300582,3
337,41.3882234,2.1644551,2
338,51.4942539,-0.1414756,1
339,51.5203266,-0.1245891,1
340,51.4960283,-0.1686355,1
341,51.5139298,-0.101126,1
342,48.8689307,2.2974503,3
343,48.8754371,2.3434586,3
344,48.8768854,2.3270623,3
345,48.8730437,2.3161144,3
346,48.87096,2.3091617,3
347,48.8309896,2.3297301,3
348,48.8661932,2.3042141,3
349,48.830196,2.3529539,3
350,51.4931086,-0.190208,1
351,48.8565778,2.3319767,3
352,48.8827492,2.2982782,3
353,48.871859,2.2978177,3
354,48.8671889,2.326927,3
355,51.5173303,-0.1180966,1
356,48.8399018,2.3031011,3
357,51.4916677,-0.1947475,1
358,51.5134603,-0.1833081,1
359,51.5117907,-0.306071,1
360,51.4930097,-0.159715,1
361,51.5043483,-0.0334436,1
362,51.4928147,-0.1841753,1
363,48.8782679,2.294852,3
364,51.5135555,-0.180002,1
365,41.3961448,2.1631674,2
366,51.514839,-0.1586656,1
367,48.8969854,2.3852745,3
368,51.4998574,-0.161717,1
369,51.4957436,-0.1477528,1
370,48.8562725,2.3660412,3
371,48.8775326,2.293458,3
372,48.8661991,2.3328826,3
373,51.4988817,-0.1062888,1
374,51.4917798,-0.1616049,1
375,51.5207945,-0.1310845,1
376,48.8615843,2.3620652,3
377,48.8485387,2.3479852,3
378,48.853865,2.3072019,3
379,48.8718321,2.3278866,3
380,48.8553486,2.3340736,3
381,48.880856,2.3375085,3
382,51.4801631,-0.0097201,1
383,52.3743712,4.8746196,3
384,48.8654726,2.3292934,3
385,48.8753837,2.2944651,3
386,51.507746,-0.1422993,1
387,48.8503493,2.3344305,3
388,48.8713619,2.3426375,3
389,48.8528364,2.3440803,3
390,51.5138357,-0.1797976,1
391,51.519032,-0.1825943,1
392,48.8802782,2.2843852,3
393,48.8430523,2.3422519,3
394,48.866435,2.3251076,3
395,48.8852794,2.3301021,3
396,48.8542454,2.339956,3
397,48.878932,2.3394182,3
398,48.851589,2.2777274,3
399,48.8601927,2.318423,3
400,48.8657394,2.3274415,3
401,48.8567042,2.3277805,3
402,48.8700325,2.3112736,3
403,48.8565421,2.3303504,3
404,48.884165,2.3328261,3
405,48.8756618,2.2863468,3
406,48.8661363,2.3260648,3
407,48.8869128,2.3004034,3
408,51.5189182,-0.0866009,1
409,51.5142054,-0.1766098,1
410,48.8715469,2.3439622,3
411,51.4922348,-0.1914229,1
412,51.5404555,-0.1460833,1
413,51.4932356,-0.1269082,1
414,51.5129736,-0.1837431,1
415,51.5156471,-0.1572443,1
416,51.5186801,-0.1354055,1
417,48.8691984,2.2979052,3
418,48.8752553,2.286653,3
419,48.8715079,2.3122259,3
420,48.8703672,2.2938868,3
421,48.8335233,2.3191194,3
422,51.5289499,-0.1232979,1
423,51.4981225,-0.1799693,1
424,51.5189077,-0.1421957,1
425,51.509963,-0.129797,1
426,48.8687512,2.3001692,3
427,51.5151247,-0.1600656,1
428,48.8629329,2.3723823,3
429,48.8712877,2.3191903,3
430,51.5044972,-0.0855562,1
431,48.849147,2.3471935,3
432,48.855263,2.3305901,3
433,48.8645647,2.2821827,3
434,51.4938468,-0.1917582,1
435,51.5090558,-0.1421661,1
436,48.8740463,2.300196,3
437,48.8430891,2.4049867,3
438,48.869143,2.3006526,3
439,51.4978466,-0.164156,1
440,48.8450894,2.3209503,3
441,48.8710402,2.3248014,3
442,51.4892447,-0.1803196,1
443,48.8682978,2.3268027,3
444,48.8547329,2.3395277,3
445,48.8694755,2.3046954,3
446,48.8354314,2.321142,3
447,51.5373904,-0.0023367,1
448,51.5273442,-0.0796152,1
449,51.511879,-0.118552,1
450,51.5197933,-0.1241844,1
451,51.4920287,-0.1917801,1
452,48.8920485,2.3023791,3
453,51.4703604,-0.1779869,1
454,51.5162883,-0.1721078,1
455,48.8535639,2.3360169,3
456,48.8814425,2.3235592,3
457,48.8825781,2.3334805,3
458,48.8716831,2.3123759,3
459,48.8502052,2.289043,3
460,51.521148,-0.171346,1
461,51.490724,-0.143868,1
462,48.8593152,2.3104179,3
463,51.5076899,-0.1471358,1
464,51.4919083,-0.1684398,1
465,48.8613055,2.2862823,3
466,48.872174,2.328075,3
467,48.8737043,2.3061477,3
468,48.8651994,2.3045076,3
469,48.8794682,2.3334957,3
470,51.5055381,-0.1396885,1
471,51.5146025,-0.1481978,1
472,51.4815995,-0.1481053,1
473,51.5126488,-0.1803795,1
474,48.8268251,2.2912033,3
475,51.5149583,-0.0823869,1
476,48.879314,2.3560185,3
477,48.8632723,2.352691,3
478,48.8811741,2.2948337,3
479,48.8777895,2.2872498,3
480,48.8708863,2.3382128,3
481,51.5743549,-0.0977567,1
482,48.8547161,2.306642,3
483,48.8756359,2.3004967,3
484,51.4911924,-0.1449474,1
485,51.522143,-0.153385,1
486,48.8684243,2.3036244,3
487,51.5110993,-0.1208673,1
488,48.8719889,2.3492913,3
489,48.8691758,2.3205807,3
490,51.4967399,-0.2064723,1
491,51.5196124,-0.1239628,1
492,51.5139692,-0.1828202,1
493,51.5226361,-0.1602871,1
494,48.8683133,2.3330851,3
495,48.8772093,2.2968266,3
496,51.4981471,-0.1436492,1
497,51.5101462,-0.1315061,1
498,51.4935083,-0.1834346,1
499,48.827388,2.305478,3
500,48.8553117,2.3254628,3
501,51.5139315,-0.1219893,1
502,51.514573,-0.15666,1
503,51.5210117,-0.2628618,1
504,51.5139805,-0.1337948,1
505,48.8759461,2.3270955,3
506,48.8742767,2.3426276,3
507,48.8648656,2.3295756,3
508,48.8694695,2.3208564,3
509,48.8723844,2.3088663,3
510,48.8528427,2.3422256,3
511,48.8749511,2.3259532,3
513,48.8630829,2.3378592,3
514,48.8730552,2.3540112,3
515,48.8654532,2.3295231,3
516,48.8745879,2.3188143,3
517,48.8675674,2.3539896,3
518,48.8743885,2.2980915,3
519,51.5172825,-0.0812451,1
520,51.5011704,-0.0232607,1
521,48.8585626,2.3299138,3
522,48.8381079,2.318669,3
523,48.8346811,2.3255098,3
524,48.8687804,2.3610196,3
525,51.510237,-0.0764428,1
526,51.4937409,-0.244896,1
527,51.5125035,-0.1477438,1
528,51.5126758,-0.1867828,1
529,51.4986732,-0.1376867,1
530,48.8686434,2.2984054,3
531,48.8683593,2.3002117,3
532,48.8491801,2.3423357,3
533,51.4981471,-0.1436492,1
534,51.515755,-0.1603335,1
535,51.4958184,-0.1813958,1
536,48.8799239,2.3288332,3
537,48.8488044,2.3469889,3
538,48.8800565,2.3342353,3
539,51.531979,-0.061598,1
540,51.5206309,-0.0915341,1
541,48.8644967,2.3405415,3
542,48.8740668,2.3502172,3
543,51.5553678,-0.2864945,1
544,48.8471891,2.3260138,3
545,48.8732068,2.3239015,3
546,48.8496819,2.3402806,3
547,51.4202661,-0.211268,1
548,51.510574,-0.1509951,1
549,48.8570275,2.3170282,3
550,48.8488608,2.3315257,3
551,51.5237209,-0.0806178,1
552,51.5063709,-0.1515359,1
553,51.5115509,-0.0714919,1
554,48.8777621,2.293177,3
555,51.5104696,-0.1265824,1
556,48.8710709,2.3013119,3
557,51.5050165,-0.1049831,1
558,48.8760884,2.3456465,3
559,51.5066991,-0.0280208,1
560,51.5180207,-0.1500567,1
561,48.8607764,2.3427564,3
562,51.5231564,-0.1035134,1
563,51.5161286,-0.0624458,1
564,48.8691399,2.2981024,3
565,51.5182768,-0.1583511,1
566,48.8753359,2.3414617,3
567,48.8691325,2.3021659,3
568,51.5127453,-0.1926437,1
569,48.8565629,2.3273623,3
570,48.8662695,2.3668616,3
571,48.8816306,2.2992146,3
572,48.8583127,2.2795075,3
573,51.5154006,-0.0572364,1
574,51.5060237,-0.151078,1
575,51.5065578,-0.004514,1
576,51.504575,-0.082675,1
577,51.5611271,-0.2787261,1
578,48.8497618,2.3392336,3
579,48.8801757,2.2859534,3
580,48.8722019,2.3030866,3
581,48.8688155,2.3305236,3
582,48.8636049,2.3688352,3
583,48.8729639,2.3444899,3
584,48.8701247,2.311141,3
585,48.8589516,2.3670407,3
586,48.8684776,2.3298238,3
587,48.8758981,2.3590504,3
588,48.8547869,2.3084819,3
589,48.870808,2.3372737,3
590,48.8645309,2.3315532,3
591,51.5140208,-0.0854919,1
592,51.5174853,-0.1372109,1
593,51.5159214,-0.1598794,1
594,51.5124496,-0.1795215,1
595,48.866242,2.3373169,3
596,48.8481917,2.3490316,3
597,48.8769204,2.3069132,3
598,51.5131074,-0.1778707,1
599,48.8659899,2.3674149,3
600,48.8699731,2.2909401,3
601,48.8966167,2.3434843,3
602,51.4572991,-0.2055425,1
603,51.5123968,-0.186124,1
604,51.5208155,-0.0915319,1
605,48.8691409,2.3031503,3
606,48.8364204,2.3603332,3
607,48.8303023,2.2842872,3
608,51.5366053,-0.1919832,1
609,51.5054832,-0.0951196,1
610,51.5074007,-0.1524593,1
611,48.8571207,2.3805581,3
612,51.5360906,-0.1048176,1
613,51.4963008,-0.1796853,1
614,48.8689468,2.3026559,3
615,48.8520377,2.3557092,3
616,51.5152892,-0.160898,1
617,51.5045326,-0.2191174,1
618,48.8673099,2.2856528,3
619,51.5153672,-0.1783271,1
620,48.8819068,2.3410005,3
621,48.8447938,2.3524462,3
622,51.5140329,-0.1320651,1
623,48.8648997,2.3469433,3
624,51.516843,-0.1495574,1
625,51.5039399,-0.2244232,1
626,51.5133832,-0.1926617,1
627,48.8680055,2.3260075,3
628,48.8566336,2.2852607,3
629,48.865467,2.3038811,3
630,48.8729666,2.2926226,3
631,48.8370334,2.372322,3
632,51.5143447,-0.1318157,1
633,51.4982412,-0.1134715,1
634,51.5241373,-0.0786983,1
635,48.8732785,2.3004174,3
636,48.8457587,2.3243071,3
637,48.8750119,2.3416769,3
638,48.8714152,2.3239679,3
639,48.8854538,2.3335809,3
640,48.870994,2.3235329,3
641,48.8396395,2.2663056,3
642,48.8759855,2.293938,3
643,48.8716017,2.3349768,3
644,48.8820046,2.2818538,3
645,48.883631,2.3257643,3
646,48.8797513,2.2919634,3
647,48.8382542,2.2903494,3
648,48.8498439,2.3244253,3
649,45.488764,9.183057,4
650,51.5076044,-0.132266,1
651,51.5017224,-0.1846243,1
652,51.5322508,-0.1095714,1
653,48.8741002,2.3426357,3
654,51.4956883,-0.1827878,1
655,51.5160988,-0.1181749,1
656,48.8500283,2.2834126,3
657,48.8465653,2.4102405,3
658,48.8735135,2.3217457,3
659,48.8599998,2.3087425,3
660,51.4924184,-0.2784701,1
661,51.527262,-0.282992,1
662,48.8672474,2.33738,3
663,51.5634756,-0.2042758,1
664,48.8706373,2.2982095,3
665,48.850448,2.2928845,3
666,48.849574,2.3798518,3
667,48.8612535,2.3426256,3
668,51.5121957,-0.1318384,1
669,48.8820838,2.3315849,3
670,48.8534026,2.3299043,3
671,48.888539,2.3498459,3
672,51.5158643,-0.1200625,1
673,51.5022081,-0.1599428,1
674,48.8823141,2.3316688,3
675,51.4953691,-0.1818966,1
676,48.8836255,2.3340538,3
677,51.5100916,-0.1359431,1
678,48.8330649,2.2879617,3
679,51.4942654,-0.1366026,1
680,51.4948416,-0.1772056,1
681,48.8550298,2.3332104,3
682,51.5061587,-0.1402803,1
683,51.5160484,-0.0880181,1
684,51.5021027,-0.187901,1
685,48.8732788,2.3466576,3
686,48.8708419,2.3605864,3
687,48.8482842,2.3657251,3
688,51.5127964,-0.0847973,1
689,51.5196913,-0.1254243,1
690,51.5108412,-0.0780581,1
691,48.8501522,2.3392782,3
692,48.8671391,2.3038447,3
693,48.8746066,2.3167195,3
694,48.8723438,2.3033378,3
695,48.8515198,2.3486511,3
696,48.8772493,2.3543043,3
697,48.863828,2.3519345,3
698,48.8503276,2.2982022,3
699,48.8701887,2.2997281,3
700,48.886687,2.3449332,3
701,48.8808779,2.2989756,3
702,51.5077198,0.0229805,1
703,48.8711365,2.3050482,3
704,51.5052587,-0.099176,1
705,48.8536854,2.3805796,3
706,51.4944319,-0.1363756,1
707,48.8605219,2.3680239,3
708,51.5220522,-0.132414,1
709,51.5157316,-0.1802179,1
710,51.5166887,-0.1706147,1
711,48.8719212,2.2971404,3
712,48.8416787,2.3022862,3
713,48.8382916,2.3230188,3
714,48.8595985,2.3088076,3
715,51.4947754,-0.177789,1
716,48.8506499,2.2750873,3
717,51.5188,-0.153839,1
718,51.5151149,-0.1743857,1
719,51.5052188,-0.088166,1
720,48.8605031,2.3006606,3
721,51.513055,-0.152257,1
722,48.8321231,2.3536172,3
723,48.8546989,2.3691899,3
724,51.506935,-0.126012,1
725,51.506935,-0.126012,1
726,51.5095259,-0.1967234,1
727,48.8607299,2.3465326,3
728,48.8668228,2.3257729,3
729,48.8668048,2.3039465,3
730,48.8698184,2.3208729,3
731,48.8597024,2.3239701,3
732,48.8573706,2.3314669,3
733,48.8728492,2.3073663,3
734,48.8657687,2.3090386,3
735,48.866676,2.3089908,3
736,48.8785454,2.3384866,3
737,51.4901051,-0.1381355,1
738,51.5265353,-0.1361682,1
739,48.8794646,2.2849548,3
740,51.5255136,-0.082927,1
741,51.5077459,-0.1378733,1
742,51.5460628,-0.0700817,1
743,51.5195857,-0.1584803,1
744,48.8647019,2.2886425,3
745,51.4926269,-0.2288598,1
746,48.8636168,2.3607998,3
747,48.8384558,2.3805885,3
748,51.522672,-0.1036841,1
749,51.509841,-0.1552193,1
750,48.8427364,2.3672171,3
751,48.8622723,2.3495707,3
752,48.8663089,2.289609,3
753,51.4992789,-0.2090733,1
754,51.4933372,-0.1788931,1
755,48.8776756,2.3493159,3
756,48.8738672,2.3005894,3
757,51.4910062,-0.1717691,1
758,51.517608,-0.1276253,1
759,48.8519208,2.338878,3
760,51.4940285,-0.1910497,1
761,48.8794223,2.2957628,3
762,48.8796596,2.3209155,3
763,48.8696173,2.3346428,3
764,48.8795947,2.3280695,3
765,48.8726814,2.3020866,3
766,48.8497553,2.3467616,3
767,48.8816073,2.3371648,3
768,48.8538608,2.3429487,3
769,48.853299,2.337993,3
770,48.8454447,2.3242814,3
771,48.8438998,2.3294858,3
772,48.849758,2.3095213,3
773,51.5112451,-0.1808938,1
774,48.846837,2.3258066,3
775,48.8474426,2.3223783,3
776,48.8724945,2.3091549,3
777,51.5201065,-0.1221393,1
778,48.8603599,2.3230778,3
779,48.8710895,2.3393461,3
780,48.8803479,2.2858242,3
781,51.4942305,-0.1851141,1
782,51.5179725,-0.1280495,1
783,48.874853,2.3245798,3
784,48.8672694,2.2878666,3
785,48.8252307,2.3569005,3
786,48.8694768,2.3515065,3
787,48.8837472,2.3186342,3
788,51.5298597,-0.1444623,1
789,52.3544507,4.8875036,3
790,51.5131979,-0.1174504,1
791,52.3466449,4.8310984,3
792,48.2264063,16.3600628,4
793,45.4521067,9.1758135,4
794,48.1996129,16.3773546,4
795,48.2105243,16.3683592,4
796,48.2062268,16.3833767,4
797,41.378751,2.17873,2
798,52.3663466,4.8985764,3
799,41.4031654,2.1231637,2
800,52.3607413,4.8695315,3
801,48.2040859,16.3725046,4
802,48.204183,16.3726664,4
803,52.3504558,4.8770194,3
804,52.350396,4.8756404,3
805,52.351381,4.872723,3
806,52.3486098,4.8844292,3
807,41.3846637,2.1740902,2
808,52.3312406,4.8774466,3
809,41.3873478,2.1603987,2
810,41.3880549,2.1599602,2
811,52.3856494,4.834443,3
812,48.2134246,16.3831309,4
813,48.2083518,16.354532,4
814,41.3919114,2.1765438,2
815,41.393227,2.1927427,2
816,41.4109715,2.2186535,2
817,41.4038774,2.1911894,2
818,41.4036219,2.1902808,2
819,41.3899609,2.135684,2
820,41.3944029,2.150194,2
821,41.3941338,2.1489569,2
822,41.388682,2.1316368,2
823,41.3933943,2.1461315,2
824,41.3835246,2.1096141,2
825,41.3860183,2.19473,2
826,41.3837583,2.1846933,2
827,41.4110056,2.1866009,2
828,41.3747031,2.1707106,2
829,41.39367,2.1115418,2
830,41.3725246,2.1540788,2
831,41.3795572,2.1425457,2
832,41.3810311,2.1455516,2
833,41.3815028,2.1449138,2
834,41.3844072,2.1514584,2
835,41.391058,2.141706,2
836,41.4106944,2.136294,2
837,41.3849613,2.1756666,2
838,41.3935591,2.1993915,2
839,41.375237,2.1684058,2
840,41.3807517,2.1772425,2
842,41.408641,2.1478143,2
843,41.3917169,2.1592614,2
844,41.392095,2.158493,2
845,41.3938632,2.1568039,2
846,51.4997486,-0.1615242,1
847,48.191373,16.4082294,4
848,51.5294411,-0.1233745,1
849,52.3677568,4.8682174,3
850,41.3893478,2.1209755,2
851,41.3865289,2.1682919,2
852,41.3858891,2.1681652,2
853,41.386136,2.1682914,2
854,41.4337561,2.147327,2
855,51.5179659,-0.1234343,1
856,48.2216779,16.3567111,4
857,51.5144418,-0.146432,1
858,41.3812223,2.1739622,2
859,41.3846844,2.1791065,2
860,48.2035677,16.356445,4
861,51.4689559,-0.1787256,1
862,51.5144004,-0.1565506,1
863,51.498861,-0.1374897,1
864,48.204576,16.3563661,4
865,41.3986093,2.1625037,2
866,41.3944574,2.1564353,2
867,51.4973568,-0.1576728,1
868,41.3802469,2.1541149,2
869,41.37913,2.1561186,2
870,41.3283758,2.1129638,2
871,41.3948175,2.1434702,2
872,41.384829,2.1751277,2
873,41.3904305,2.1262314,2
874,51.5222472,-0.1426128,1
875,41.3777977,2.1135971,2
876,51.5291423,-0.1372782,1
877,51.5101556,-0.1496314,1
878,41.3929366,2.1653954,2
879,41.4253332,2.1211028,2
880,41.3961021,2.1794688,2
881,51.474469,-0.019428,1
882,52.3696719,4.8614475,3
883,51.4756558,-0.1813888,1
884,48.2058584,16.3766545,4
885,41.3859873,2.1514021,2
886,41.3895237,2.1490307,2
887,41.4006653,2.1787089,2
888,41.376801,2.1460443,2
889,51.5110114,-0.0771251,1
890,51.5241248,-0.1258066,1
891,41.3930406,2.1545393,2
892,45.4758842,9.205791,4
893,45.4794406,9.2096756,4
894,45.4858877,9.2042827,4
895,45.4682358,9.2073799,4
896,45.473348,9.1910733,4
897,45.4580781,9.1924205,4
898,45.4572218,9.1937008,4
899,45.4529643,9.1962217,4
900,45.4642651,9.1960569,4
901,45.4769923,9.1844899,4
902,45.46676,9.194293,4
903,45.4656023,9.1778675,4
904,45.4848809,9.1596461,4
905,45.4867005,9.1575137,4
906,41.4126508,2.2090895,2
907,41.3885274,2.1360471,2
908,52.3727067,4.8943658,3
909,52.377278,4.897818,3
910,52.373704,4.893591,3
911,52.3735266,4.8933041,3
912,48.2133296,16.3471399,4
913,52.3351951,4.8885354,3
914,52.314371,4.9388064,3
915,52.3511137,4.8411629,3
916,41.3827,2.1791999,2
917,48.2114567,16.3738677,4
918,41.4061636,2.2008956,2
919,52.3511447,4.8740764,3
920,41.3861153,2.1611899,2
921,41.3897945,2.1660575,2
922,41.3908486,2.1680745,2
923,41.3888014,2.1653738,2
924,52.3923684,4.9110442,3
925,41.4002812,2.1297427,2
926,41.3959587,2.2008981,2
927,48.231911,16.4129493,4
928,48.2078955,16.3701084,4
929,41.3781685,2.1786627,2
930,52.36513,4.8729422,3
931,52.364962,4.873495,3
932,41.3832414,2.1685298,2
933,51.5590955,-0.284704,1
934,48.2273013,16.4001791,4
935,41.392018,2.157066,2
936,41.391843,2.156844,2
937,51.603207,0.010607,1
938,41.4014399,2.2100745,2
939,52.333803,4.8884708,3
940,51.5267769,-0.1324905,1
941,51.507377,0.038657,1
942,48.2051299,16.369036,4
943,48.1949694,16.3692624,4
944,48.1983543,16.3375246,4
945,52.3497431,4.8911908,3
946,52.3487635,4.8938829,3
947,48.1513676,16.4064709,4
948,52.3451511,4.9252372,3
949,48.2114087,16.3746469,4
950,48.1975497,16.3686397,4
951,48.2565936,16.4031426,4
952,51.481663,-0.1909565,1
953,45.4644348,9.1952727,4
954,52.3357326,4.8743947,3
955,51.5179386,-0.1529794,1
956,48.200561,16.3647063,4
957,41.3991773,2.1656134,2
959,41.3732462,2.1474351,2
960,41.3841429,2.1616896,2
961,41.3927101,2.1722139,2
962,41.3915897,2.1720108,2
963,41.3831641,2.1604736,2
964,41.3842608,2.1609471,2
965,41.3891168,2.1671986,2
966,41.390913,2.1706981,2
967,41.391362,2.1700953,2
968,41.3901396,2.1696699,2
969,41.3916258,2.1716378,2
970,41.392344,2.1729157,2
971,41.3935967,2.1742718,2
972,51.514879,-0.1606501,1
973,48.1825159,16.3322428,4
974,48.2196722,16.3863588,4
975,51.511579,-0.1500193,1
976,48.1791893,16.3625367,4
977,41.4017465,2.1477365,2
978,48.1629737,16.3404024,4
979,48.2082256,16.3684123,4
980,48.2112491,16.3776519,4
981,51.5064607,-0.1454198,1
982,51.5064534,-0.1456146,1
983,51.4988977,-0.1562015,1
984,51.504439,-0.149911,1
985,48.2140659,16.4217627,4
986,51.5213303,-0.2915052,1
987,48.2199427,16.3598984,4
989,52.357655,4.844576,3
990,52.3718665,4.8873794,3
991,52.369391,4.8871721,3
992,52.3653868,4.8931979,3
993,52.364768,4.896945,3
994,48.2195864,16.3255339,4
995,48.2238463,16.3138357,4
996,48.2097958,16.3658705,4
997,48.2101211,16.3655537,4
998,48.1667886,16.344908,4
999,48.1866506,16.3023375,4
1000,48.1877942,16.2727214,4
1001,48.1585332,16.3451115,4
1002,52.3560923,4.8858229,3
1003,48.1640345,16.3216061,4
1004,51.5051084,-0.213266,1
1005,48.2152663,16.376103,4
1006,52.3101182,4.9472918,3
1007,52.3096835,4.9422614,3
1008,51.50303,-0.15242,1
1009,52.3588806,4.9886041,3
1010,52.3846059,4.8941866,3
1011,51.475172,-0.1870629,1
1012,41.3835584,2.178311,2
1013,52.3595919,4.8801587,3
1014,52.3599196,4.8810128,3
1015,41.3830582,2.1778267,2
1016,41.3862689,2.1291786,2
1017,52.335182,4.9138688,3
1018,48.1537005,16.2825822,4
1019,48.2145071,16.2845042,4
1020,48.2019865,16.3789934,4
1021,52.3417894,4.824952,3
1022,48.2085627,16.3541687,4
1025,41.4114188,2.211756,2
1026,48.2105156,16.3760717,4
1027,48.2024907,16.3702656,4
1028,48.2012505,16.3731255,4
1029,48.2017091,16.3710205,4
1030,48.2021105,16.3720841,4
1031,48.2057193,16.3710878,4
1032,48.2044655,16.3702399,4
1033,48.2062103,16.3710387,4
1034,48.1824271,16.3808291,4
1035,52.3047669,4.9476868,3
1036,52.377955,4.894641,3
1037,52.3763099,4.8862701,3
1038,52.3758754,4.8859642,3
1039,52.3654686,4.8798713,3
1040,51.531427,-0.126133,1
1041,51.480672,-0.0071375,1
1042,48.2031622,16.3561999,4
1043,48.2047761,16.3512515,4
1044,48.2185837,16.3881339,4
1045,52.3542655,4.8664365,3
1046,41.3827894,2.1715636,2
1047,41.3834673,2.1712016,2
1048,41.3843222,2.1712893,2
1049,41.3780983,2.1762005,2
1050,51.5576962,-0.2835263,1
1051,51.5119446,-0.179939,1
1052,51.5120219,-0.1762414,1
1053,51.5119446,-0.179939,1
1055,48.1964001,16.3958668,4
1056,48.1923791,16.3994512,4
1057,48.2038688,16.3887039,4
1058,48.2075294,16.3525967,4
1059,45.4630685,9.1979367,4
1060,45.4738012,9.2239702,4
1061,41.3842838,2.1707092,2
1062,52.3793659,4.8457179,3
1063,52.363889,4.881302,3
1064,41.4101934,2.1695574,2
1065,48.2064745,16.3546297,4
1066,48.210285,16.373579,4
1067,52.3591467,4.9263601,3
1068,48.1940487,16.2971831,4
1069,41.3957584,2.1822402,2
1070,41.4082054,2.2124626,2
1071,51.5016102,-0.1191545,1
1072,41.406146,2.2008636,2
1073,41.4006708,2.2087844,2
1074,41.3897735,2.1419762,2
1075,41.3900104,2.1422396,2
1076,51.4993652,-0.1576613,1
1077,41.3861283,2.1745291,2
1078,41.3792053,2.1427989,2
1079,41.3890578,2.1565948,2
1080,41.3894195,2.1564886,2
1081,41.3910621,2.1593373,2
1082,41.3931918,2.16152,2
1083,41.3945074,2.1632659,2
1084,41.3962658,2.1662153,2
1085,51.5165165,-0.1509735,1
1086,51.6068054,0.0590416,1
1087,41.39038,2.121,2
1088,48.1868107,16.3440157,4
1089,48.1935593,16.3616098,4
1090,48.1899743,16.3567007,4
1091,48.1965878,16.3413729,4
1092,48.2008957,16.3592496,4
1093,48.2002872,16.3547746,4
1094,48.1990335,16.3525051,4
1095,48.1979979,16.3483314,4
1096,41.3982129,2.1494179,2
1097,41.3865424,2.1969665,2
1098,48.1945297,16.340327,4
1099,48.1756283,16.4200957,4
1100,52.385601,4.8470597,3
1101,41.371308,2.181698,2
1102,48.19183,16.3770876,4
1103,41.3936071,2.1504611,2
1104,41.3985449,2.1438237,2
1105,41.4034965,2.1370426,2
1106,52.3872884,4.8349748,3
1107,52.4001813,4.8936653,3
1108,52.3711037,4.8936787,3
1109,48.1995177,16.3388225,4
1110,48.2006001,16.3386333,4
1111,48.251195,16.2989165,4
1112,41.383515,2.1407396,2
1113,52.3678779,4.8948936,3
1114,52.3681919,4.8957609,3
1115,52.3741426,4.8907741,3
1116,52.3754926,4.8929878,3
1117,52.3760456,4.8943917,3
1118,51.5104624,-0.0795502,1
1119,52.3611852,4.8936341,3
1120,41.3780229,2.1730782,2
1121,41.3825777,2.1400103,2
1122,41.384591,2.1378107,2
1123,51.5050355,-0.1500864,1
1124,51.5083719,0.0355768,1
1125,51.511174,-0.1349904,1
1126,52.376752,4.904618,3
1127,48.2026449,16.3671054,4
1128,48.2149414,16.3365285,4
1129,52.3375677,4.8178172,3
1130,52.3702613,4.9032489,3
1131,52.370835,4.895403,3
1132,52.3840358,4.9028572,3
1133,41.3727844,2.1721134,2
1134,41.3971434,2.1921947,2
1135,41.3969273,2.192267,2
1136,52.3714428,4.9346331,3
1137,48.2000165,16.3641802,4
1139,41.3747873,2.1611846,2
1140,51.5082019,-0.1545589,1
1141,48.2056333,16.3778615,4
1142,48.2050967,16.3770928,4
1143,41.3815625,2.1838458,2
1144,41.3918805,2.1660363,2
1145,41.3935497,2.1627098,2
1146,41.3939082,2.1622556,2
1147,41.4023621,2.2119049,2
1148,41.4037972,2.213767,2
1149,41.4101306,2.2188047,2
1150,41.3798658,2.1805271,2
1151,41.3801815,2.180688,2
1152,41.3907208,2.1660732,2
1153,41.391393,2.1668467,2
1154,41.3980162,2.1581229,2
1155,41.3930168,2.1646148,2
1156,41.3935179,2.1639813,2
1157,41.3946775,2.162638,2
1158,41.3866227,2.1840722,2
1159,41.3775577,2.1384686,2
1160,41.4084334,2.2178205,2
1161,48.2217697,16.3578738,4
1163,41.3944848,2.1651078,2
1164,41.3962106,2.1621171,2
1165,41.3856387,2.1668274,2
1166,41.3856173,2.1659487,2
1167,48.1979514,16.336318,4
1168,51.520171,-0.102463,1
1169,48.2097026,16.3703902,4
1170,48.2038793,16.3698086,4
1171,45.4793852,9.1961308,4
1172,45.479888,9.1962982,4
1173,45.4790357,9.199028,4
1174,45.4838504,9.2034067,4
1175,45.4857027,9.2020127,4
1176,45.4638223,9.1940273,4
1177,45.4844028,9.1673528,4
1178,45.4834133,9.1666361,4
1179,45.4608547,9.1886179,4
1180,45.4805847,9.2117326,4
1181,45.4852549,9.2069501,4
1182,45.4845143,9.2057532,4
1183,45.4747809,9.2059385,4
1184,45.4868745,9.2018406,4
1185,45.453152,9.179172,4
1186,45.498503,9.1664111,4
1187,51.5092876,-0.1370062,1
1188,52.3781016,4.9142508,3
1189,41.3830117,2.1700699,2
1190,41.3810421,2.1814294,2
1191,41.4111652,2.2192012,2
1192,41.3799929,2.1748256,2
1193,41.368437,2.1901534,2
1194,41.3892128,2.1726015,2
1195,48.8639788,2.3352615,3
1196,48.8719697,2.3316014,3
1197,41.3703041,2.17141,2
1198,41.3861459,2.1711594,2
1199,41.3750293,2.1491172,2
1200,41.3798964,2.1412433,2
1201,51.5357597,-0.1902591,1
1202,51.517876,-0.1440647,1
1203,51.5135929,-0.0907833,1
1204,48.212857,16.37986,4
1205,52.3744149,4.9041443,3
1206,52.377743,4.897057,3
1207,52.3764175,4.9002201,3
1208,52.3728353,4.883326,3
1209,52.364971,4.8839827,3
1210,52.3678368,4.8830788,3
1211,52.3648077,4.8853962,3
1212,52.3419432,4.8759604,3
1213,52.3600068,4.9051643,3
1214,41.4052324,2.2117289,2
1215,41.3919083,2.1573318,2
1216,52.3154533,4.9962997,3
1217,41.4072812,2.1443116,2
1218,41.3941625,2.1597836,2
1219,41.3894654,2.1662651,2
1220,41.3875467,2.1673975,2
1221,41.3922919,2.1622256,2
1222,41.3790126,2.1696339,2
1223,41.3837453,2.171014,2
1224,41.3989322,2.2024183,2
1225,48.2133054,16.3567884,4
1226,48.2508693,16.304957,4
1227,48.1776236,16.3243588,4
1228,41.3896916,2.1798661,2
1229,52.3664077,4.8969091,3
1230,52.3657092,4.8966912,3
1231,52.3657281,4.8972883,3
1232,48.1955998,16.3826989,4
1233,48.1954348,16.383429,4
1234,48.1950444,16.3844751,4
1235,48.1854312,16.404884,4
1236,51.5013149,-0.2174459,1
1237,48.2071576,16.3765913,4
1238,48.1978409,16.367087,4
1239,41.380939,2.1796095,2
1240,48.2027296,16.3661211,4
1241,52.3527675,4.88373,3
1242,52.3617577,4.8780052,3
1243,41.3907821,2.1717426,2
1244,41.393599,2.1684151,2
1245,41.3905166,2.1725643,2
1246,41.3909816,2.1714938,2
1247,41.3910786,2.1717285,2
1248,41.3759896,2.167148,2
1249,41.3895263,2.1747136,2
1250,41.3885658,2.1712991,2
1251,41.3869565,2.1665338,2
1252,48.2163343,16.3595536,4
1253,41.4226648,2.1464261,2
1254,41.3949242,2.1593099,2
1255,41.3962468,2.1609551,2
1256,41.4047382,2.1727127,2
1257,41.3920254,2.1554675,2
1258,48.2176776,16.3821364,4
1259,48.2178332,16.3821636,4
1260,48.2102677,16.3741269,4
1261,51.5083537,0.0198855,1
1262,48.2138096,16.3714293,4
1263,52.3702469,4.8966743,3
1264,41.385817,2.1256789,2
1265,41.3832498,2.1753483,2
1266,41.3976233,2.188975,2
1267,41.3799209,2.1728181,2
1268,41.3854716,2.1018835,2
1269,41.3949199,2.1468594,2
1270,52.3617751,4.9118187,3
1272,51.499046,-0.1917073,1
1273,48.184732,16.3211959,4
1274,48.1925582,16.3576071,4
1275,52.2924567,4.9444338,3
1276,48.191339,16.3165873,4
1277,48.2048494,16.343618,4
1278,48.2155236,16.3646858,4
1279,48.2163149,16.3685103,4
1280,48.2146623,16.3627994,4
1281,48.2022415,16.3749336,4
1282,48.2017277,16.375463,4
1283,48.2022742,16.3762615,4
1284,48.2082215,16.3751842,4
1285,48.2080479,16.375612,4
1286,48.2111522,16.3788631,4
1289,45.4651371,9.1895249,4
1290,48.1790835,16.4116997,4
1291,52.3705447,4.8886439,3
1292,48.2078727,16.3724042,4
1293,51.4927325,-0.1573708,1
1294,52.3786823,4.8207833,3
1295,48.1915401,16.3546263,4
1296,48.1829645,16.3776709,4
1297,48.1834787,16.3762765,4
1298,51.5007324,-0.01655,1
1299,51.519616,-0.1218432,1
1300,52.3924898,4.8683822,3
1301,52.3727871,4.8900059,3
1302,52.3697554,4.8887815,3
1303,51.5059087,-0.1403795,1
1304,51.5064721,-0.0716893,1
1305,52.3681299,4.8440847,3
1306,52.362514,4.8800077,3
1307,52.3613814,4.8832594,3
1308,52.3630682,4.8794451,3
1309,48.2082385,16.3715725,4
1310,48.2087646,16.3721138,4
1311,51.5111922,-0.1194006,1
1312,51.5078943,-0.1436707,1
1313,48.2107358,16.382147,4
1314,48.2142766,16.3801779,4
1316,51.508236,-0.1261963,1
1317,48.2121772,16.3680771,4
1318,51.5731061,-0.2233332,1
1319,51.4991134,-0.0790969,1
1320,48.2130607,16.4133973,4
1321,41.3812574,2.1269078,2
1322,48.1966396,16.3863822,4
1323,48.2110845,16.3838405,4
1324,41.3999934,2.1452467,2
1325,41.388024,2.1731556,2
1326,41.38793,2.1568061,2
1327,52.358631,4.8786236,3
1328,52.3266672,4.8800884,3
1329,45.4828787,9.186346,4
1330,45.4608604,9.1890215,4
1331,45.4694772,9.1909325,4
1332,45.4501306,9.1696481,4
1333,41.3961294,2.1551626,2
1334,45.461177,9.191047,4
1335,45.466598,9.183064,4
1336,45.4693349,9.2142383,4
1337,45.459485,9.179511,4
1338,45.4661781,9.1588367,4
1339,45.4667717,9.1871001,4
1340,45.4684251,9.1834161,4
1341,45.4595203,9.1770004,4
1342,45.4405621,9.1921165,4
1343,45.4689376,9.1868891,4
1344,45.49952,9.206138,4
1345,45.4708973,9.1840992,4
1346,45.4836517,9.2078581,4
1347,45.4845769,9.2065256,4
1348,45.480515,9.160063,4
1349,45.4841371,9.2001623,4
1350,45.4868744,9.2018407,4
1351,45.4726942,9.1943911,4
1352,45.4787357,9.2041131,4
1353,45.4911829,9.2393614,4
1354,45.4524879,9.1669784,4
1355,45.4897688,9.1549451,4
1356,45.4858877,9.2042827,4
1357,45.4802503,9.1494925,4
1358,45.4720654,9.0777871,4
1359,45.4794587,9.1951427,4
1360,45.4851889,9.198015,4
1361,45.469339,9.195108,4
1362,45.443791,9.152947,4
1363,45.484237,9.198858,4
1364,45.51152,9.1241306,4
1365,45.4859983,9.1637603,4
1366,45.5099969,9.1739942,4
1367,45.465957,9.192297,4
1368,45.451873,9.20548,4
1369,45.4408963,9.1728003,4
1370,41.3833541,2.1794038,2
1371,41.3849695,2.1776631,2
1372,41.3860521,2.176157,2
1373,41.3870479,2.174336,2
1374,41.3822909,2.1807447,2
1375,45.4776167,9.2016244,4
1376,45.4777623,9.203169,4
1377,45.4580137,9.1913676,4
1378,45.443502,9.1377081,4
1379,45.4436132,9.1161094,4
1380,45.5161671,9.2272778,4
1381,45.5005657,9.1383663,4
1382,45.4862032,9.200322,4
1383,45.4684949,9.1550355,4
1384,45.4909585,9.1614268,4
1385,45.4739801,9.1960671,4
1386,45.4699058,9.1925024,4
1387,45.470532,9.19302,4
1388,45.4792738,9.1459546,4
1389,45.4813423,9.2039494,4
1390,45.4633289,9.1884242,4
1391,45.4481878,9.2570459,4
1392,45.4606597,9.1810947,4
1393,45.4814923,9.192023,4
1394,45.4896727,9.2006406,4
1395,45.482442,9.1756982,4
1396,45.4559784,9.1871812,4
1397,45.4788051,9.1446276,4
1398,45.4622972,9.1814695,4
1399,45.4984161,9.1904375,4
1400,45.4826692,9.2034371,4
1401,45.4830211,9.2033246,4
1402,45.4802415,9.2131919,4
1403,45.5045259,9.246461,4
1404,45.4782808,9.1997755,4
1405,45.463135,9.2102,4
1406,45.43784,9.230901,4
1407,45.4565757,9.1684824,4
1408,45.4837173,9.1649371,4
1409,45.4701334,9.1897405,4
1410,45.4881471,9.2016609,4
1411,45.5138582,9.1194759,4
1412,45.4589731,9.0687506,4
1413,45.4829817,9.2041911,4
1414,45.4670579,9.1427822,4
1415,45.465237,9.191247,4
1416,45.4655368,9.1914986,4
1417,45.467298,9.1846982,4
1418,45.4672309,9.184154,4
1419,45.4630441,9.183607,4
1420,45.4657568,9.1916674,4
1421,45.4574655,9.1919138,4
1422,45.470238,9.195347,4
1423,45.4714062,9.1965303,4
1424,45.4691663,9.1984454,4
1425,45.5331372,9.1711019,4
1426,45.4648822,9.1893265,4
1427,45.4657842,9.1895321,4
1428,45.463579,9.1869092,4
1429,45.4779041,9.2094965,4
1430,45.501946,9.2277569,4
1431,45.4769167,9.196665,4
1432,45.4851799,9.1831189,4
1433,45.4709657,9.1566242,4
1434,45.4654912,9.1889612,4
1435,45.4510425,9.1606536,4
1436,45.488764,9.183057,4
1437,45.5000245,9.1428722,4
1438,45.5147974,9.116606,4
1439,45.500667,9.1445874,4
1440,45.4611287,9.1542675,4
1441,45.4853717,9.2115837,4
1442,45.4847398,9.2072916,4
1443,45.4635445,9.2068649,4
1444,45.4510397,9.1920911,4
1445,45.4508673,9.1948659,4
1446,45.4947129,9.1418864,4
1447,45.494861,9.141551,4
1448,45.4921089,9.1476806,4
1449,45.5266395,9.2131549,4
1450,45.4471408,9.2070051,4
1451,45.4472099,9.2090967,4
1452,45.4872511,9.2237385,4
1453,45.480968,9.189977,4
1454,45.502453,9.2218364,4
1455,45.50054,9.2208089,4
1456,45.4725167,9.1439198,4
1457,45.4736557,9.2066824,4
1458,45.5257221,9.2150033,4
1459,45.506502,9.1965192,4
1460,45.4770906,9.2054208,4
1461,52.3663727,4.8930505,3
1462,52.365823,4.893243,3
1463,41.3766732,2.1524478,2
1464,41.4047934,2.1288527,2
1465,41.3853781,2.1567228,2
1466,48.2307014,16.3552189,4
1467,52.3625662,4.8779225,3
1470,48.2340799,16.4210093,4
1471,48.2353789,16.4219737,4
1472,48.2390022,16.4292329,4
1473,48.231915,16.417026,4
1474,48.1919288,16.3391395,4
1475,48.1941905,16.3462578,4
1476,48.1945774,16.346356,4
1477,48.2072348,16.372238,4
1478,52.3583821,4.8988777,3
1479,51.5403942,-0.3697581,1
1480,51.5084195,0.0253216,1
1481,51.5009609,-0.1165913,1
1482,51.4242413,-0.2293503,1
1483,52.3594783,4.895853,3
1484,51.509133,-0.130189,1
1485,51.5045583,-0.1262584,1
1486,52.3546649,4.9131641,3
1487,48.1877258,16.3781454,4
1488,48.1953229,16.3672882,4
1489,48.1974036,16.3673003,4
1490,48.1935235,16.3669145,4
1491,48.2104468,16.3715781,4
1492,51.5020912,-0.1577795,1
1493,51.499981,-0.1928791,1
1494,48.2037451,16.3356767,4
